"","Competition_Name","Gender","Country","Season_End_Year","Round","Wk","Day","Date","Time","Home","HomeGoals","Away","AwayGoals","Attendance","Venue","Referee","Notes","MatchURL","Home_xG","Away_xG"
"1","Premier League","M","ENG",2024,NA,"10","Fri",2023-10-27,"20:00","Crystal Palace",NA,"Tottenham",NA,NA,"Selhurst Park","","","https://fbref.com/en/stathead/matchup/teams/47c64c55/361ca564/Crystal-Palace-vs-Tottenham-Hotspur-History",NA,NA
"2","Premier League","M","ENG",2024,NA,"10","Sat",2023-10-28,"12:30","Chelsea",NA,"Brentford",NA,NA,"Stamford Bridge","","","https://fbref.com/en/stathead/matchup/teams/cff3d9bb/cd051869/Chelsea-vs-Brentford-History",NA,NA
"3","Premier League","M","ENG",2024,NA,"10","Sat",2023-10-28,"15:00","Bournemouth",NA,"Burnley",NA,NA,"Vitality Stadium","","","https://fbref.com/en/stathead/matchup/teams/943e8050/4ba7cbea/Burnley-vs-Bournemouth-History",NA,NA
"4","Premier League","M","ENG",2024,NA,"10","Sat",2023-10-28,"15:00","Arsenal",NA,"Sheffield Utd",NA,NA,"Emirates Stadium","","","https://fbref.com/en/stathead/matchup/teams/1df6b87e/18bb7c10/Sheffield-United-vs-Arsenal-History",NA,NA
"5","Premier League","M","ENG",2024,NA,"10","Sat",2023-10-28,"17:30","Wolves",NA,"Newcastle Utd",NA,NA,"Molineux Stadium","","","https://fbref.com/en/stathead/matchup/teams/b2b47a98/8cec06e1/Newcastle-United-vs-Wolverhampton-Wanderers-History",NA,NA
"6","Premier League","M","ENG",2024,NA,"10","Sun",2023-10-29,"13:00","West Ham",NA,"Everton",NA,NA,"London Stadium","","","https://fbref.com/en/stathead/matchup/teams/d3fd31cc/7c21e445/Everton-vs-West-Ham-United-History",NA,NA
"7","Premier League","M","ENG",2024,NA,"10","Sun",2023-10-29,"14:00","Liverpool",NA,"Nott'ham Forest",NA,NA,"Anfield","","","https://fbref.com/en/stathead/matchup/teams/e4a775cb/822bd0ba/Nottingham-Forest-vs-Liverpool-History",NA,NA
"8","Premier League","M","ENG",2024,NA,"10","Sun",2023-10-29,"14:00","Brighton",NA,"Fulham",NA,NA,"The American Express Community Stadium","","","https://fbref.com/en/stathead/matchup/teams/fd962109/d07537b9/Fulham-vs-Brighton-and-Hove-Albion-History",NA,NA
"9","Premier League","M","ENG",2024,NA,"10","Sun",2023-10-29,"14:00","Aston Villa",NA,"Luton Town",NA,NA,"Villa Park","","","https://fbref.com/en/stathead/matchup/teams/e297cd13/8602292d/Luton-Town-vs-Aston-Villa-History",NA,NA
"10","Premier League","M","ENG",2024,NA,"10","Sun",2023-10-29,"15:30","Manchester Utd",NA,"Manchester City",NA,NA,"Old Trafford","","","https://fbref.com/en/stathead/matchup/teams/b8fd03ef/19538871/Manchester-Derby-Manchester-City-vs-Manchester-United-History",NA,NA
"11","Premier League","M","ENG",2024,NA,"11","Sat",2023-11-04,"12:30","Fulham",NA,"Manchester Utd",NA,NA,"Craven Cottage","","","https://fbref.com/en/stathead/matchup/teams/fd962109/19538871/Fulham-vs-Manchester-United-History",NA,NA
"12","Premier League","M","ENG",2024,NA,"11","Sat",2023-11-04,"15:00","Brentford",NA,"West Ham",NA,NA,"Gtech Community Stadium","","","https://fbref.com/en/stathead/matchup/teams/cd051869/7c21e445/Brentford-vs-West-Ham-United-History",NA,NA
"13","Premier League","M","ENG",2024,NA,"11","Sat",2023-11-04,"15:00","Everton",NA,"Brighton",NA,NA,"Goodison Park","","","https://fbref.com/en/stathead/matchup/teams/d3fd31cc/d07537b9/Everton-vs-Brighton-and-Hove-Albion-History",NA,NA
"14","Premier League","M","ENG",2024,NA,"11","Sat",2023-11-04,"15:00","Burnley",NA,"Crystal Palace",NA,NA,"Turf Moor","","","https://fbref.com/en/stathead/matchup/teams/943e8050/47c64c55/Burnley-vs-Crystal-Palace-History",NA,NA
"15","Premier League","M","ENG",2024,NA,"11","Sat",2023-11-04,"15:00","Manchester City",NA,"Bournemouth",NA,NA,"Etihad Stadium","","","https://fbref.com/en/stathead/matchup/teams/b8fd03ef/4ba7cbea/Manchester-City-vs-Bournemouth-History",NA,NA
"16","Premier League","M","ENG",2024,NA,"11","Sat",2023-11-04,"15:00","Sheffield Utd",NA,"Wolves",NA,NA,"Bramall Lane","","","https://fbref.com/en/stathead/matchup/teams/8cec06e1/1df6b87e/Wolverhampton-Wanderers-vs-Sheffield-United-History",NA,NA
"17","Premier League","M","ENG",2024,NA,"11","Sat",2023-11-04,"17:30","Newcastle Utd",NA,"Arsenal",NA,NA,"St James' Park","","","https://fbref.com/en/stathead/matchup/teams/b2b47a98/18bb7c10/Newcastle-United-vs-Arsenal-History",NA,NA
"18","Premier League","M","ENG",2024,NA,"11","Sun",2023-11-05,"14:00","Nott'ham Forest",NA,"Aston Villa",NA,NA,"The City Ground","","","https://fbref.com/en/stathead/matchup/teams/e4a775cb/8602292d/Nottingham-Forest-vs-Aston-Villa-History",NA,NA
"19","Premier League","M","ENG",2024,NA,"11","Sun",2023-11-05,"16:30","Luton Town",NA,"Liverpool",NA,NA,"Kenilworth Road Stadium","","","https://fbref.com/en/stathead/matchup/teams/e297cd13/822bd0ba/Luton-Town-vs-Liverpool-History",NA,NA
"20","Premier League","M","ENG",2024,NA,"11","Mon",2023-11-06,"20:00","Tottenham",NA,"Chelsea",NA,NA,"Tottenham Hotspur Stadium","","","https://fbref.com/en/stathead/matchup/teams/cff3d9bb/361ca564/Chelsea-vs-Tottenham-Hotspur-History",NA,NA
"21","Premier League","M","ENG",2024,NA,"12","Sat",2023-11-11,"12:30","Wolves",NA,"Tottenham",NA,NA,"Molineux Stadium","","","https://fbref.com/en/stathead/matchup/teams/8cec06e1/361ca564/Wolverhampton-Wanderers-vs-Tottenham-Hotspur-History",NA,NA
"22","Premier League","M","ENG",2024,NA,"12","Sat",2023-11-11,"15:00","Arsenal",NA,"Burnley",NA,NA,"Emirates Stadium","","","https://fbref.com/en/stathead/matchup/teams/943e8050/18bb7c10/Burnley-vs-Arsenal-History",NA,NA
"23","Premier League","M","ENG",2024,NA,"12","Sat",2023-11-11,"15:00","Manchester Utd",NA,"Luton Town",NA,NA,"Old Trafford","","","https://fbref.com/en/stathead/matchup/teams/e297cd13/19538871/Luton-Town-vs-Manchester-United-History",NA,NA
"24","Premier League","M","ENG",2024,NA,"12","Sat",2023-11-11,"15:00","Crystal Palace",NA,"Everton",NA,NA,"Selhurst Park","","","https://fbref.com/en/stathead/matchup/teams/d3fd31cc/47c64c55/Everton-vs-Crystal-Palace-History",NA,NA
"25","Premier League","M","ENG",2024,NA,"12","Sat",2023-11-11,"17:30","Bournemouth",NA,"Newcastle Utd",NA,NA,"Vitality Stadium","","","https://fbref.com/en/stathead/matchup/teams/b2b47a98/4ba7cbea/Newcastle-United-vs-Bournemouth-History",NA,NA
"26","Premier League","M","ENG",2024,NA,"12","Sun",2023-11-12,"14:00","West Ham",NA,"Nott'ham Forest",NA,NA,"London Stadium","","","https://fbref.com/en/stathead/matchup/teams/e4a775cb/7c21e445/Nottingham-Forest-vs-West-Ham-United-History",NA,NA
"27","Premier League","M","ENG",2024,NA,"12","Sun",2023-11-12,"14:00","Liverpool",NA,"Brentford",NA,NA,"Anfield","","","https://fbref.com/en/stathead/matchup/teams/cd051869/822bd0ba/Brentford-vs-Liverpool-History",NA,NA
"28","Premier League","M","ENG",2024,NA,"12","Sun",2023-11-12,"14:00","Aston Villa",NA,"Fulham",NA,NA,"Villa Park","","","https://fbref.com/en/stathead/matchup/teams/fd962109/8602292d/Fulham-vs-Aston-Villa-History",NA,NA
"29","Premier League","M","ENG",2024,NA,"12","Sun",2023-11-12,"14:00","Brighton",NA,"Sheffield Utd",NA,NA,"The American Express Community Stadium","","","https://fbref.com/en/stathead/matchup/teams/d07537b9/1df6b87e/Brighton-and-Hove-Albion-vs-Sheffield-United-History",NA,NA
"30","Premier League","M","ENG",2024,NA,"12","Sun",2023-11-12,"16:30","Chelsea",NA,"Manchester City",NA,NA,"Stamford Bridge","","","https://fbref.com/en/stathead/matchup/teams/cff3d9bb/b8fd03ef/Chelsea-vs-Manchester-City-History",NA,NA
"31","Premier League","M","ENG",2024,NA,"13","Sat",2023-11-25,"12:30","Manchester City",NA,"Liverpool",NA,NA,"Etihad Stadium","","","https://fbref.com/en/stathead/matchup/teams/b8fd03ef/822bd0ba/Manchester-City-vs-Liverpool-History",NA,NA
"32","Premier League","M","ENG",2024,NA,"13","Sat",2023-11-25,"15:00","Burnley",NA,"West Ham",NA,NA,"Turf Moor","","","https://fbref.com/en/stathead/matchup/teams/943e8050/7c21e445/Burnley-vs-West-Ham-United-History",NA,NA
"33","Premier League","M","ENG",2024,NA,"13","Sat",2023-11-25,"15:00","Nott'ham Forest",NA,"Brighton",NA,NA,"The City Ground","","","https://fbref.com/en/stathead/matchup/teams/e4a775cb/d07537b9/Nottingham-Forest-vs-Brighton-and-Hove-Albion-History",NA,NA
"34","Premier League","M","ENG",2024,NA,"13","Sat",2023-11-25,"15:00","Sheffield Utd",NA,"Bournemouth",NA,NA,"Bramall Lane","","","https://fbref.com/en/stathead/matchup/teams/4ba7cbea/1df6b87e/Bournemouth-vs-Sheffield-United-History",NA,NA
"35","Premier League","M","ENG",2024,NA,"13","Sat",2023-11-25,"15:00","Newcastle Utd",NA,"Chelsea",NA,NA,"St James' Park","","","https://fbref.com/en/stathead/matchup/teams/cff3d9bb/b2b47a98/Chelsea-vs-Newcastle-United-History",NA,NA
"36","Premier League","M","ENG",2024,NA,"13","Sat",2023-11-25,"15:00","Luton Town",NA,"Crystal Palace",NA,NA,"Kenilworth Road Stadium","","","https://fbref.com/en/stathead/matchup/teams/e297cd13/47c64c55/Luton-Town-vs-Crystal-Palace-History",NA,NA
"37","Premier League","M","ENG",2024,NA,"13","Sat",2023-11-25,"17:30","Brentford",NA,"Arsenal",NA,NA,"Gtech Community Stadium","","","https://fbref.com/en/stathead/matchup/teams/cd051869/18bb7c10/Brentford-vs-Arsenal-History",NA,NA
"38","Premier League","M","ENG",2024,NA,"13","Sun",2023-11-26,"14:00","Tottenham",NA,"Aston Villa",NA,NA,"Tottenham Hotspur Stadium","","","https://fbref.com/en/stathead/matchup/teams/8602292d/361ca564/Aston-Villa-vs-Tottenham-Hotspur-History",NA,NA
"39","Premier League","M","ENG",2024,NA,"13","Sun",2023-11-26,"16:30","Everton",NA,"Manchester Utd",NA,NA,"Goodison Park","","","https://fbref.com/en/stathead/matchup/teams/d3fd31cc/19538871/Everton-vs-Manchester-United-History",NA,NA
"40","Premier League","M","ENG",2024,NA,"13","Mon",2023-11-27,"20:00","Fulham",NA,"Wolves",NA,NA,"Craven Cottage","","","https://fbref.com/en/stathead/matchup/teams/fd962109/8cec06e1/Fulham-vs-Wolverhampton-Wanderers-History",NA,NA
"41","Premier League","M","ENG",2024,NA,"14","Sat",2023-12-02,"15:00","Nott'ham Forest",NA,"Everton",NA,NA,"The City Ground","","","https://fbref.com/en/stathead/matchup/teams/e4a775cb/d3fd31cc/Nottingham-Forest-vs-Everton-History",NA,NA
"42","Premier League","M","ENG",2024,NA,"14","Sat",2023-12-02,"15:00","Manchester City",NA,"Tottenham",NA,NA,"Etihad Stadium","","","https://fbref.com/en/stathead/matchup/teams/b8fd03ef/361ca564/Manchester-City-vs-Tottenham-Hotspur-History",NA,NA
"43","Premier League","M","ENG",2024,NA,"14","Sat",2023-12-02,"15:00","Brentford",NA,"Luton Town",NA,NA,"Gtech Community Stadium","","","https://fbref.com/en/stathead/matchup/teams/e297cd13/cd051869/Luton-Town-vs-Brentford-History",NA,NA
"44","Premier League","M","ENG",2024,NA,"14","Sat",2023-12-02,"15:00","Bournemouth",NA,"Aston Villa",NA,NA,"Vitality Stadium","","","https://fbref.com/en/stathead/matchup/teams/8602292d/4ba7cbea/Aston-Villa-vs-Bournemouth-History",NA,NA
"45","Premier League","M","ENG",2024,NA,"14","Sat",2023-12-02,"15:00","Liverpool",NA,"Fulham",NA,NA,"Anfield","","","https://fbref.com/en/stathead/matchup/teams/fd962109/822bd0ba/Fulham-vs-Liverpool-History",NA,NA
"46","Premier League","M","ENG",2024,NA,"14","Sat",2023-12-02,"15:00","Newcastle Utd",NA,"Manchester Utd",NA,NA,"St James' Park","","","https://fbref.com/en/stathead/matchup/teams/b2b47a98/19538871/Newcastle-United-vs-Manchester-United-History",NA,NA
"47","Premier League","M","ENG",2024,NA,"14","Sat",2023-12-02,"15:00","Arsenal",NA,"Wolves",NA,NA,"Emirates Stadium","","","https://fbref.com/en/stathead/matchup/teams/8cec06e1/18bb7c10/Wolverhampton-Wanderers-vs-Arsenal-History",NA,NA
"48","Premier League","M","ENG",2024,NA,"14","Sat",2023-12-02,"15:00","Chelsea",NA,"Brighton",NA,NA,"Stamford Bridge","","","https://fbref.com/en/stathead/matchup/teams/d07537b9/cff3d9bb/Brighton-and-Hove-Albion-vs-Chelsea-History",NA,NA
"49","Premier League","M","ENG",2024,NA,"14","Sat",2023-12-02,"15:00","Burnley",NA,"Sheffield Utd",NA,NA,"Turf Moor","","","https://fbref.com/en/stathead/matchup/teams/943e8050/1df6b87e/Burnley-vs-Sheffield-United-History",NA,NA
"50","Premier League","M","ENG",2024,NA,"14","Sat",2023-12-02,"15:00","West Ham",NA,"Crystal Palace",NA,NA,"London Stadium","","","https://fbref.com/en/stathead/matchup/teams/7c21e445/47c64c55/West-Ham-United-vs-Crystal-Palace-History",NA,NA
"51","Premier League","M","ENG",2024,NA,"15","Tue",2023-12-05,"19:45","Sheffield Utd",NA,"Liverpool",NA,NA,"Bramall Lane","","","https://fbref.com/en/stathead/matchup/teams/822bd0ba/1df6b87e/Liverpool-vs-Sheffield-United-History",NA,NA
"52","Premier League","M","ENG",2024,NA,"15","Tue",2023-12-05,"19:45","Aston Villa",NA,"Manchester City",NA,NA,"Villa Park","","","https://fbref.com/en/stathead/matchup/teams/b8fd03ef/8602292d/Manchester-City-vs-Aston-Villa-History",NA,NA
"53","Premier League","M","ENG",2024,NA,"15","Tue",2023-12-05,"19:45","Tottenham",NA,"West Ham",NA,NA,"Tottenham Hotspur Stadium","","","https://fbref.com/en/stathead/matchup/teams/7c21e445/361ca564/West-Ham-United-vs-Tottenham-Hotspur-History",NA,NA
"54","Premier League","M","ENG",2024,NA,"15","Tue",2023-12-05,"19:45","Everton",NA,"Newcastle Utd",NA,NA,"Goodison Park","","","https://fbref.com/en/stathead/matchup/teams/d3fd31cc/b2b47a98/Everton-vs-Newcastle-United-History",NA,NA
"55","Premier League","M","ENG",2024,NA,"15","Tue",2023-12-05,"19:45","Brighton",NA,"Brentford",NA,NA,"The American Express Community Stadium","","","https://fbref.com/en/stathead/matchup/teams/d07537b9/cd051869/Brighton-and-Hove-Albion-vs-Brentford-History",NA,NA
"56","Premier League","M","ENG",2024,NA,"15","Tue",2023-12-05,"19:45","Wolves",NA,"Burnley",NA,NA,"Molineux Stadium","","","https://fbref.com/en/stathead/matchup/teams/943e8050/8cec06e1/Burnley-vs-Wolverhampton-Wanderers-History",NA,NA
"57","Premier League","M","ENG",2024,NA,"15","Tue",2023-12-05,"19:45","Luton Town",NA,"Arsenal",NA,NA,"Kenilworth Road Stadium","","","https://fbref.com/en/stathead/matchup/teams/e297cd13/18bb7c10/Luton-Town-vs-Arsenal-History",NA,NA
"58","Premier League","M","ENG",2024,NA,"15","Tue",2023-12-05,"19:45","Fulham",NA,"Nott'ham Forest",NA,NA,"Craven Cottage","","","https://fbref.com/en/stathead/matchup/teams/fd962109/e4a775cb/Fulham-vs-Nottingham-Forest-History",NA,NA
"59","Premier League","M","ENG",2024,NA,"15","Tue",2023-12-05,"20:00","Crystal Palace",NA,"Bournemouth",NA,NA,"Selhurst Park","","","https://fbref.com/en/stathead/matchup/teams/4ba7cbea/47c64c55/Bournemouth-vs-Crystal-Palace-History",NA,NA
"60","Premier League","M","ENG",2024,NA,"15","Wed",2023-12-06,"20:00","Manchester Utd",NA,"Chelsea",NA,NA,"Old Trafford","","","https://fbref.com/en/stathead/matchup/teams/cff3d9bb/19538871/Chelsea-vs-Manchester-United-History",NA,NA
"61","Premier League","M","ENG",2024,NA,"16","Sat",2023-12-09,"","Manchester Utd",NA,"Bournemouth",NA,NA,"Old Trafford","","","https://fbref.com/en/stathead/matchup/teams/4ba7cbea/19538871/Bournemouth-vs-Manchester-United-History",NA,NA
"62","Premier League","M","ENG",2024,NA,"16","Sat",2023-12-09,"","Wolves",NA,"Nott'ham Forest",NA,NA,"Molineux Stadium","","","https://fbref.com/en/stathead/matchup/teams/e4a775cb/8cec06e1/Nottingham-Forest-vs-Wolverhampton-Wanderers-History",NA,NA
"63","Premier League","M","ENG",2024,NA,"16","Sat",2023-12-09,"","Aston Villa",NA,"Arsenal",NA,NA,"Villa Park","","","https://fbref.com/en/stathead/matchup/teams/8602292d/18bb7c10/Aston-Villa-vs-Arsenal-History",NA,NA
"64","Premier League","M","ENG",2024,NA,"16","Sat",2023-12-09,"","Everton",NA,"Chelsea",NA,NA,"Goodison Park","","","https://fbref.com/en/stathead/matchup/teams/d3fd31cc/cff3d9bb/Everton-vs-Chelsea-History",NA,NA
"65","Premier League","M","ENG",2024,NA,"16","Sat",2023-12-09,"","Crystal Palace",NA,"Liverpool",NA,NA,"Selhurst Park","","","https://fbref.com/en/stathead/matchup/teams/822bd0ba/47c64c55/Liverpool-vs-Crystal-Palace-History",NA,NA
"66","Premier League","M","ENG",2024,NA,"16","Sat",2023-12-09,"","Brighton",NA,"Burnley",NA,NA,"The American Express Community Stadium","","","https://fbref.com/en/stathead/matchup/teams/d07537b9/943e8050/Brighton-and-Hove-Albion-vs-Burnley-History",NA,NA
"67","Premier League","M","ENG",2024,NA,"16","Sat",2023-12-09,"","Tottenham",NA,"Newcastle Utd",NA,NA,"Tottenham Hotspur Stadium","","","https://fbref.com/en/stathead/matchup/teams/b2b47a98/361ca564/Newcastle-United-vs-Tottenham-Hotspur-History",NA,NA
"68","Premier League","M","ENG",2024,NA,"16","Sat",2023-12-09,"","Fulham",NA,"West Ham",NA,NA,"Craven Cottage","","","https://fbref.com/en/stathead/matchup/teams/fd962109/7c21e445/Fulham-vs-West-Ham-United-History",NA,NA
"69","Premier League","M","ENG",2024,NA,"16","Sat",2023-12-09,"","Sheffield Utd",NA,"Brentford",NA,NA,"Bramall Lane","","","https://fbref.com/en/stathead/matchup/teams/cd051869/1df6b87e/Brentford-vs-Sheffield-United-History",NA,NA
"70","Premier League","M","ENG",2024,NA,"16","Sat",2023-12-09,"","Luton Town",NA,"Manchester City",NA,NA,"Kenilworth Road Stadium","","","https://fbref.com/en/stathead/matchup/teams/e297cd13/b8fd03ef/Luton-Town-vs-Manchester-City-History",NA,NA
"71","Premier League","M","ENG",2024,NA,"17","Sat",2023-12-16,"","Burnley",NA,"Everton",NA,NA,"Turf Moor","","","https://fbref.com/en/stathead/matchup/teams/d3fd31cc/943e8050/Everton-vs-Burnley-History",NA,NA
"72","Premier League","M","ENG",2024,NA,"17","Sat",2023-12-16,"","Liverpool",NA,"Manchester Utd",NA,NA,"Anfield","","","https://fbref.com/en/stathead/matchup/teams/822bd0ba/19538871/North-West-Derby-Liverpool-vs-Manchester-United-History",NA,NA
"73","Premier League","M","ENG",2024,NA,"17","Sat",2023-12-16,"","Manchester City",NA,"Crystal Palace",NA,NA,"Etihad Stadium","","","https://fbref.com/en/stathead/matchup/teams/b8fd03ef/47c64c55/Manchester-City-vs-Crystal-Palace-History",NA,NA
"74","Premier League","M","ENG",2024,NA,"17","Sat",2023-12-16,"","Chelsea",NA,"Sheffield Utd",NA,NA,"Stamford Bridge","","","https://fbref.com/en/stathead/matchup/teams/cff3d9bb/1df6b87e/Chelsea-vs-Sheffield-United-History",NA,NA
"75","Premier League","M","ENG",2024,NA,"17","Sat",2023-12-16,"","Brentford",NA,"Aston Villa",NA,NA,"Gtech Community Stadium","","","https://fbref.com/en/stathead/matchup/teams/cd051869/8602292d/Brentford-vs-Aston-Villa-History",NA,NA
"76","Premier League","M","ENG",2024,NA,"17","Sat",2023-12-16,"","Nott'ham Forest",NA,"Tottenham",NA,NA,"The City Ground","","","https://fbref.com/en/stathead/matchup/teams/e4a775cb/361ca564/Nottingham-Forest-vs-Tottenham-Hotspur-History",NA,NA
"77","Premier League","M","ENG",2024,NA,"17","Sat",2023-12-16,"","Newcastle Utd",NA,"Fulham",NA,NA,"St James' Park","","","https://fbref.com/en/stathead/matchup/teams/fd962109/b2b47a98/Fulham-vs-Newcastle-United-History",NA,NA
"78","Premier League","M","ENG",2024,NA,"17","Sat",2023-12-16,"","West Ham",NA,"Wolves",NA,NA,"London Stadium","","","https://fbref.com/en/stathead/matchup/teams/8cec06e1/7c21e445/Wolverhampton-Wanderers-vs-West-Ham-United-History",NA,NA
"79","Premier League","M","ENG",2024,NA,"17","Sat",2023-12-16,"","Bournemouth",NA,"Luton Town",NA,NA,"Vitality Stadium","","","https://fbref.com/en/stathead/matchup/teams/e297cd13/4ba7cbea/Luton-Town-vs-Bournemouth-History",NA,NA
"80","Premier League","M","ENG",2024,NA,"17","Sat",2023-12-16,"","Arsenal",NA,"Brighton",NA,NA,"Emirates Stadium","","","https://fbref.com/en/stathead/matchup/teams/d07537b9/18bb7c10/Brighton-and-Hove-Albion-vs-Arsenal-History",NA,NA
"81","Premier League","M","ENG",2024,NA,"18","Sat",2023-12-23,"","West Ham",NA,"Manchester Utd",NA,NA,"London Stadium","","","https://fbref.com/en/stathead/matchup/teams/7c21e445/19538871/West-Ham-United-vs-Manchester-United-History",NA,NA
"82","Premier League","M","ENG",2024,NA,"18","Sat",2023-12-23,"","Aston Villa",NA,"Sheffield Utd",NA,NA,"Villa Park","","","https://fbref.com/en/stathead/matchup/teams/8602292d/1df6b87e/Aston-Villa-vs-Sheffield-United-History",NA,NA
"83","Premier League","M","ENG",2024,NA,"18","Sat",2023-12-23,"","Luton Town",NA,"Newcastle Utd",NA,NA,"Kenilworth Road Stadium","","","https://fbref.com/en/stathead/matchup/teams/e297cd13/b2b47a98/Luton-Town-vs-Newcastle-United-History",NA,NA
"84","Premier League","M","ENG",2024,NA,"18","Sat",2023-12-23,"","Crystal Palace",NA,"Brighton",NA,NA,"Selhurst Park","","","https://fbref.com/en/stathead/matchup/teams/d07537b9/47c64c55/Brighton-and-Hove-Albion-vs-Crystal-Palace-History",NA,NA
"85","Premier League","M","ENG",2024,NA,"18","Sat",2023-12-23,"","Fulham",NA,"Burnley",NA,NA,"Craven Cottage","","","https://fbref.com/en/stathead/matchup/teams/fd962109/943e8050/Fulham-vs-Burnley-History",NA,NA
"86","Premier League","M","ENG",2024,NA,"18","Sat",2023-12-23,"","Tottenham",NA,"Everton",NA,NA,"Tottenham Hotspur Stadium","","","https://fbref.com/en/stathead/matchup/teams/d3fd31cc/361ca564/Everton-vs-Tottenham-Hotspur-History",NA,NA
"87","Premier League","M","ENG",2024,NA,"18","Sat",2023-12-23,"","Wolves",NA,"Chelsea",NA,NA,"Molineux Stadium","","","https://fbref.com/en/stathead/matchup/teams/cff3d9bb/8cec06e1/Chelsea-vs-Wolverhampton-Wanderers-History",NA,NA
"88","Premier League","M","ENG",2024,NA,"18","Sat",2023-12-23,"","Manchester City",NA,"Brentford",NA,NA,"Etihad Stadium","","Match Postponed",NA,NA,NA
"89","Premier League","M","ENG",2024,NA,"18","Sat",2023-12-23,"","Liverpool",NA,"Arsenal",NA,NA,"Anfield","","","https://fbref.com/en/stathead/matchup/teams/822bd0ba/18bb7c10/Liverpool-vs-Arsenal-History",NA,NA
"90","Premier League","M","ENG",2024,NA,"18","Sat",2023-12-23,"","Nott'ham Forest",NA,"Bournemouth",NA,NA,"The City Ground","","","https://fbref.com/en/stathead/matchup/teams/e4a775cb/4ba7cbea/Nottingham-Forest-vs-Bournemouth-History",NA,NA
"91","Premier League","M","ENG",2024,NA,"19","Tue",2023-12-26,"","Chelsea",NA,"Crystal Palace",NA,NA,"Stamford Bridge","","","https://fbref.com/en/stathead/matchup/teams/cff3d9bb/47c64c55/Chelsea-vs-Crystal-Palace-History",NA,NA
"92","Premier League","M","ENG",2024,NA,"19","Tue",2023-12-26,"","Bournemouth",NA,"Fulham",NA,NA,"Vitality Stadium","","","https://fbref.com/en/stathead/matchup/teams/fd962109/4ba7cbea/Fulham-vs-Bournemouth-History",NA,NA
"93","Premier League","M","ENG",2024,NA,"19","Tue",2023-12-26,"","Brighton",NA,"Tottenham",NA,NA,"The American Express Community Stadium","","","https://fbref.com/en/stathead/matchup/teams/d07537b9/361ca564/Brighton-and-Hove-Albion-vs-Tottenham-Hotspur-History",NA,NA
"94","Premier League","M","ENG",2024,NA,"19","Tue",2023-12-26,"","Sheffield Utd",NA,"Luton Town",NA,NA,"Bramall Lane","","","https://fbref.com/en/stathead/matchup/teams/e297cd13/1df6b87e/Luton-Town-vs-Sheffield-United-History",NA,NA
"95","Premier League","M","ENG",2024,NA,"19","Tue",2023-12-26,"","Manchester Utd",NA,"Aston Villa",NA,NA,"Old Trafford","","","https://fbref.com/en/stathead/matchup/teams/8602292d/19538871/Aston-Villa-vs-Manchester-United-History",NA,NA
"96","Premier League","M","ENG",2024,NA,"19","Tue",2023-12-26,"","Everton",NA,"Manchester City",NA,NA,"Goodison Park","","","https://fbref.com/en/stathead/matchup/teams/d3fd31cc/b8fd03ef/Everton-vs-Manchester-City-History",NA,NA
"97","Premier League","M","ENG",2024,NA,"19","Tue",2023-12-26,"","Arsenal",NA,"West Ham",NA,NA,"Emirates Stadium","","","https://fbref.com/en/stathead/matchup/teams/7c21e445/18bb7c10/West-Ham-United-vs-Arsenal-History",NA,NA
"98","Premier League","M","ENG",2024,NA,"19","Tue",2023-12-26,"","Burnley",NA,"Liverpool",NA,NA,"Turf Moor","","","https://fbref.com/en/stathead/matchup/teams/943e8050/822bd0ba/Burnley-vs-Liverpool-History",NA,NA
"99","Premier League","M","ENG",2024,NA,"19","Tue",2023-12-26,"","Brentford",NA,"Wolves",NA,NA,"Gtech Community Stadium","","","https://fbref.com/en/stathead/matchup/teams/cd051869/8cec06e1/Brentford-vs-Wolverhampton-Wanderers-History",NA,NA
"100","Premier League","M","ENG",2024,NA,"19","Tue",2023-12-26,"","Newcastle Utd",NA,"Nott'ham Forest",NA,NA,"St James' Park","","","https://fbref.com/en/stathead/matchup/teams/e4a775cb/b2b47a98/Nottingham-Forest-vs-Newcastle-United-History",NA,NA
"101","Premier League","M","ENG",2024,NA,"20","Sat",2023-12-30,"","Liverpool",NA,"Newcastle Utd",NA,NA,"Anfield","","","https://fbref.com/en/stathead/matchup/teams/b2b47a98/822bd0ba/Newcastle-United-vs-Liverpool-History",NA,NA
"102","Premier League","M","ENG",2024,NA,"20","Sat",2023-12-30,"","Nott'ham Forest",NA,"Manchester Utd",NA,NA,"The City Ground","","","https://fbref.com/en/stathead/matchup/teams/e4a775cb/19538871/Nottingham-Forest-vs-Manchester-United-History",NA,NA
"103","Premier League","M","ENG",2024,NA,"20","Sat",2023-12-30,"","Aston Villa",NA,"Burnley",NA,NA,"Villa Park","","","https://fbref.com/en/stathead/matchup/teams/943e8050/8602292d/Burnley-vs-Aston-Villa-History",NA,NA
"104","Premier League","M","ENG",2024,NA,"20","Sat",2023-12-30,"","Tottenham",NA,"Bournemouth",NA,NA,"Tottenham Hotspur Stadium","","","https://fbref.com/en/stathead/matchup/teams/4ba7cbea/361ca564/Bournemouth-vs-Tottenham-Hotspur-History",NA,NA
"105","Premier League","M","ENG",2024,NA,"20","Sat",2023-12-30,"","Fulham",NA,"Arsenal",NA,NA,"Craven Cottage","","","https://fbref.com/en/stathead/matchup/teams/fd962109/18bb7c10/Fulham-vs-Arsenal-History",NA,NA
"106","Premier League","M","ENG",2024,NA,"20","Sat",2023-12-30,"","Wolves",NA,"Everton",NA,NA,"Molineux Stadium","","","https://fbref.com/en/stathead/matchup/teams/d3fd31cc/8cec06e1/Everton-vs-Wolverhampton-Wanderers-History",NA,NA
"107","Premier League","M","ENG",2024,NA,"20","Sat",2023-12-30,"","Luton Town",NA,"Chelsea",NA,NA,"Kenilworth Road Stadium","","","https://fbref.com/en/stathead/matchup/teams/e297cd13/cff3d9bb/Luton-Town-vs-Chelsea-History",NA,NA
"108","Premier League","M","ENG",2024,NA,"20","Sat",2023-12-30,"","Manchester City",NA,"Sheffield Utd",NA,NA,"Etihad Stadium","","","https://fbref.com/en/stathead/matchup/teams/b8fd03ef/1df6b87e/Manchester-City-vs-Sheffield-United-History",NA,NA
"109","Premier League","M","ENG",2024,NA,"20","Sat",2023-12-30,"","West Ham",NA,"Brighton",NA,NA,"London Stadium","","","https://fbref.com/en/stathead/matchup/teams/d07537b9/7c21e445/Brighton-and-Hove-Albion-vs-West-Ham-United-History",NA,NA
"110","Premier League","M","ENG",2024,NA,"20","Sat",2023-12-30,"","Crystal Palace",NA,"Brentford",NA,NA,"Selhurst Park","","","https://fbref.com/en/stathead/matchup/teams/cd051869/47c64c55/Brentford-vs-Crystal-Palace-History",NA,NA
"111","Premier League","M","ENG",2024,NA,"21","Sat",2024-01-13,"","Arsenal",NA,"Crystal Palace",NA,NA,"Emirates Stadium","","","https://fbref.com/en/stathead/matchup/teams/47c64c55/18bb7c10/Crystal-Palace-vs-Arsenal-History",NA,NA
"112","Premier League","M","ENG",2024,NA,"21","Sat",2024-01-13,"","Everton",NA,"Aston Villa",NA,NA,"Goodison Park","","","https://fbref.com/en/stathead/matchup/teams/d3fd31cc/8602292d/Everton-vs-Aston-Villa-History",NA,NA
"113","Premier League","M","ENG",2024,NA,"21","Sat",2024-01-13,"","Brighton",NA,"Wolves",NA,NA,"The American Express Community Stadium","","","https://fbref.com/en/stathead/matchup/teams/d07537b9/8cec06e1/Brighton-and-Hove-Albion-vs-Wolverhampton-Wanderers-History",NA,NA
"114","Premier League","M","ENG",2024,NA,"21","Sat",2024-01-13,"","Newcastle Utd",NA,"Manchester City",NA,NA,"St James' Park","","","https://fbref.com/en/stathead/matchup/teams/b8fd03ef/b2b47a98/Manchester-City-vs-Newcastle-United-History",NA,NA
"115","Premier League","M","ENG",2024,NA,"21","Sat",2024-01-13,"","Manchester Utd",NA,"Tottenham",NA,NA,"Old Trafford","","","https://fbref.com/en/stathead/matchup/teams/361ca564/19538871/Tottenham-Hotspur-vs-Manchester-United-History",NA,NA
"116","Premier League","M","ENG",2024,NA,"21","Sat",2024-01-13,"","Bournemouth",NA,"Liverpool",NA,NA,"Vitality Stadium","","","https://fbref.com/en/stathead/matchup/teams/822bd0ba/4ba7cbea/Liverpool-vs-Bournemouth-History",NA,NA
"117","Premier League","M","ENG",2024,NA,"21","Sat",2024-01-13,"","Sheffield Utd",NA,"West Ham",NA,NA,"Bramall Lane","","","https://fbref.com/en/stathead/matchup/teams/7c21e445/1df6b87e/West-Ham-United-vs-Sheffield-United-History",NA,NA
"118","Premier League","M","ENG",2024,NA,"21","Sat",2024-01-13,"","Burnley",NA,"Luton Town",NA,NA,"Turf Moor","","","https://fbref.com/en/stathead/matchup/teams/e297cd13/943e8050/Luton-Town-vs-Burnley-History",NA,NA
"119","Premier League","M","ENG",2024,NA,"21","Sat",2024-01-13,"","Chelsea",NA,"Fulham",NA,NA,"Stamford Bridge","","","https://fbref.com/en/stathead/matchup/teams/fd962109/cff3d9bb/Fulham-vs-Chelsea-History",NA,NA
"120","Premier League","M","ENG",2024,NA,"21","Sat",2024-01-13,"","Brentford",NA,"Nott'ham Forest",NA,NA,"Gtech Community Stadium","","","https://fbref.com/en/stathead/matchup/teams/e4a775cb/cd051869/Nottingham-Forest-vs-Brentford-History",NA,NA
"121","Premier League","M","ENG",2024,NA,"22","Tue",2024-01-30,"","West Ham",NA,"Bournemouth",NA,NA,"London Stadium","","","https://fbref.com/en/stathead/matchup/teams/7c21e445/4ba7cbea/West-Ham-United-vs-Bournemouth-History",NA,NA
"122","Premier League","M","ENG",2024,NA,"22","Tue",2024-01-30,"","Fulham",NA,"Everton",NA,NA,"Craven Cottage","","","https://fbref.com/en/stathead/matchup/teams/fd962109/d3fd31cc/Fulham-vs-Everton-History",NA,NA
"123","Premier League","M","ENG",2024,NA,"22","Tue",2024-01-30,"","Nott'ham Forest",NA,"Arsenal",NA,NA,"The City Ground","","","https://fbref.com/en/stathead/matchup/teams/e4a775cb/18bb7c10/Nottingham-Forest-vs-Arsenal-History",NA,NA
"124","Premier League","M","ENG",2024,NA,"22","Tue",2024-01-30,"","Luton Town",NA,"Brighton",NA,NA,"Kenilworth Road Stadium","","","https://fbref.com/en/stathead/matchup/teams/e297cd13/d07537b9/Luton-Town-vs-Brighton-and-Hove-Albion-History",NA,NA
"125","Premier League","M","ENG",2024,NA,"22","Tue",2024-01-30,"","Wolves",NA,"Manchester Utd",NA,NA,"Molineux Stadium","","","https://fbref.com/en/stathead/matchup/teams/8cec06e1/19538871/Wolverhampton-Wanderers-vs-Manchester-United-History",NA,NA
"126","Premier League","M","ENG",2024,NA,"22","Tue",2024-01-30,"","Tottenham",NA,"Brentford",NA,NA,"Tottenham Hotspur Stadium","","","https://fbref.com/en/stathead/matchup/teams/cd051869/361ca564/Brentford-vs-Tottenham-Hotspur-History",NA,NA
"127","Premier League","M","ENG",2024,NA,"22","Tue",2024-01-30,"","Crystal Palace",NA,"Sheffield Utd",NA,NA,"Selhurst Park","","","https://fbref.com/en/stathead/matchup/teams/47c64c55/1df6b87e/Crystal-Palace-vs-Sheffield-United-History",NA,NA
"128","Premier League","M","ENG",2024,NA,"22","Tue",2024-01-30,"","Aston Villa",NA,"Newcastle Utd",NA,NA,"Villa Park","","","https://fbref.com/en/stathead/matchup/teams/b2b47a98/8602292d/Newcastle-United-vs-Aston-Villa-History",NA,NA
"129","Premier League","M","ENG",2024,NA,"22","Wed",2024-01-31,"","Liverpool",NA,"Chelsea",NA,NA,"Anfield","","","https://fbref.com/en/stathead/matchup/teams/cff3d9bb/822bd0ba/Chelsea-vs-Liverpool-History",NA,NA
"130","Premier League","M","ENG",2024,NA,"22","Wed",2024-01-31,"","Manchester City",NA,"Burnley",NA,NA,"Etihad Stadium","","","https://fbref.com/en/stathead/matchup/teams/b8fd03ef/943e8050/Manchester-City-vs-Burnley-History",NA,NA
"131","Premier League","M","ENG",2024,NA,"23","Sat",2024-02-03,"","Bournemouth",NA,"Nott'ham Forest",NA,NA,"Vitality Stadium","","","https://fbref.com/en/stathead/matchup/teams/e4a775cb/4ba7cbea/Nottingham-Forest-vs-Bournemouth-History",NA,NA
"132","Premier League","M","ENG",2024,NA,"23","Sat",2024-02-03,"","Brentford",NA,"Manchester City",NA,NA,"Gtech Community Stadium","","","https://fbref.com/en/stathead/matchup/teams/cd051869/b8fd03ef/Brentford-vs-Manchester-City-History",NA,NA
"133","Premier League","M","ENG",2024,NA,"23","Sat",2024-02-03,"","Newcastle Utd",NA,"Luton Town",NA,NA,"St James' Park","","","https://fbref.com/en/stathead/matchup/teams/e297cd13/b2b47a98/Luton-Town-vs-Newcastle-United-History",NA,NA
"134","Premier League","M","ENG",2024,NA,"23","Sat",2024-02-03,"","Brighton",NA,"Crystal Palace",NA,NA,"The American Express Community Stadium","","","https://fbref.com/en/stathead/matchup/teams/d07537b9/47c64c55/Brighton-and-Hove-Albion-vs-Crystal-Palace-History",NA,NA
"135","Premier League","M","ENG",2024,NA,"23","Sat",2024-02-03,"","Arsenal",NA,"Liverpool",NA,NA,"Emirates Stadium","","","https://fbref.com/en/stathead/matchup/teams/822bd0ba/18bb7c10/Liverpool-vs-Arsenal-History",NA,NA
"136","Premier League","M","ENG",2024,NA,"23","Sat",2024-02-03,"","Burnley",NA,"Fulham",NA,NA,"Turf Moor","","","https://fbref.com/en/stathead/matchup/teams/fd962109/943e8050/Fulham-vs-Burnley-History",NA,NA
"137","Premier League","M","ENG",2024,NA,"23","Sat",2024-02-03,"","Sheffield Utd",NA,"Aston Villa",NA,NA,"Bramall Lane","","","https://fbref.com/en/stathead/matchup/teams/8602292d/1df6b87e/Aston-Villa-vs-Sheffield-United-History",NA,NA
"138","Premier League","M","ENG",2024,NA,"23","Sat",2024-02-03,"","Manchester Utd",NA,"West Ham",NA,NA,"Old Trafford","","","https://fbref.com/en/stathead/matchup/teams/7c21e445/19538871/West-Ham-United-vs-Manchester-United-History",NA,NA
"139","Premier League","M","ENG",2024,NA,"23","Sat",2024-02-03,"","Chelsea",NA,"Wolves",NA,NA,"Stamford Bridge","","","https://fbref.com/en/stathead/matchup/teams/cff3d9bb/8cec06e1/Chelsea-vs-Wolverhampton-Wanderers-History",NA,NA
"140","Premier League","M","ENG",2024,NA,"23","Sat",2024-02-03,"","Everton",NA,"Tottenham",NA,NA,"Goodison Park","","","https://fbref.com/en/stathead/matchup/teams/d3fd31cc/361ca564/Everton-vs-Tottenham-Hotspur-History",NA,NA
"141","Premier League","M","ENG",2024,NA,"24","Sat",2024-02-10,"","Manchester City",NA,"Everton",NA,NA,"Etihad Stadium","","","https://fbref.com/en/stathead/matchup/teams/d3fd31cc/b8fd03ef/Everton-vs-Manchester-City-History",NA,NA
"142","Premier League","M","ENG",2024,NA,"24","Sat",2024-02-10,"","Crystal Palace",NA,"Chelsea",NA,NA,"Selhurst Park","","","https://fbref.com/en/stathead/matchup/teams/cff3d9bb/47c64c55/Chelsea-vs-Crystal-Palace-History",NA,NA
"143","Premier League","M","ENG",2024,NA,"24","Sat",2024-02-10,"","Luton Town",NA,"Sheffield Utd",NA,NA,"Kenilworth Road Stadium","","","https://fbref.com/en/stathead/matchup/teams/e297cd13/1df6b87e/Luton-Town-vs-Sheffield-United-History",NA,NA
"144","Premier League","M","ENG",2024,NA,"24","Sat",2024-02-10,"","Nott'ham Forest",NA,"Newcastle Utd",NA,NA,"The City Ground","","","https://fbref.com/en/stathead/matchup/teams/e4a775cb/b2b47a98/Nottingham-Forest-vs-Newcastle-United-History",NA,NA
"145","Premier League","M","ENG",2024,NA,"24","Sat",2024-02-10,"","Liverpool",NA,"Burnley",NA,NA,"Anfield","","","https://fbref.com/en/stathead/matchup/teams/943e8050/822bd0ba/Burnley-vs-Liverpool-History",NA,NA
"146","Premier League","M","ENG",2024,NA,"24","Sat",2024-02-10,"","Wolves",NA,"Brentford",NA,NA,"Molineux Stadium","","","https://fbref.com/en/stathead/matchup/teams/cd051869/8cec06e1/Brentford-vs-Wolverhampton-Wanderers-History",NA,NA
"147","Premier League","M","ENG",2024,NA,"24","Sat",2024-02-10,"","West Ham",NA,"Arsenal",NA,NA,"London Stadium","","","https://fbref.com/en/stathead/matchup/teams/7c21e445/18bb7c10/West-Ham-United-vs-Arsenal-History",NA,NA
"148","Premier League","M","ENG",2024,NA,"24","Sat",2024-02-10,"","Fulham",NA,"Bournemouth",NA,NA,"Craven Cottage","","","https://fbref.com/en/stathead/matchup/teams/fd962109/4ba7cbea/Fulham-vs-Bournemouth-History",NA,NA
"149","Premier League","M","ENG",2024,NA,"24","Sat",2024-02-10,"","Tottenham",NA,"Brighton",NA,NA,"Tottenham Hotspur Stadium","","","https://fbref.com/en/stathead/matchup/teams/d07537b9/361ca564/Brighton-and-Hove-Albion-vs-Tottenham-Hotspur-History",NA,NA
"150","Premier League","M","ENG",2024,NA,"24","Sat",2024-02-10,"","Aston Villa",NA,"Manchester Utd",NA,NA,"Villa Park","","","https://fbref.com/en/stathead/matchup/teams/8602292d/19538871/Aston-Villa-vs-Manchester-United-History",NA,NA
"151","Premier League","M","ENG",2024,NA,"25","Sat",2024-02-17,"","Newcastle Utd",NA,"Bournemouth",NA,NA,"St James' Park","","","https://fbref.com/en/stathead/matchup/teams/b2b47a98/4ba7cbea/Newcastle-United-vs-Bournemouth-History",NA,NA
"152","Premier League","M","ENG",2024,NA,"25","Sat",2024-02-17,"","Tottenham",NA,"Wolves",NA,NA,"Tottenham Hotspur Stadium","","","https://fbref.com/en/stathead/matchup/teams/8cec06e1/361ca564/Wolverhampton-Wanderers-vs-Tottenham-Hotspur-History",NA,NA
"153","Premier League","M","ENG",2024,NA,"25","Sat",2024-02-17,"","Luton Town",NA,"Manchester Utd",NA,NA,"Kenilworth Road Stadium","","","https://fbref.com/en/stathead/matchup/teams/e297cd13/19538871/Luton-Town-vs-Manchester-United-History",NA,NA
"154","Premier League","M","ENG",2024,NA,"25","Sat",2024-02-17,"","Everton",NA,"Crystal Palace",NA,NA,"Goodison Park","","","https://fbref.com/en/stathead/matchup/teams/d3fd31cc/47c64c55/Everton-vs-Crystal-Palace-History",NA,NA
"155","Premier League","M","ENG",2024,NA,"25","Sat",2024-02-17,"","Burnley",NA,"Arsenal",NA,NA,"Turf Moor","","","https://fbref.com/en/stathead/matchup/teams/943e8050/18bb7c10/Burnley-vs-Arsenal-History",NA,NA
"156","Premier League","M","ENG",2024,NA,"25","Sat",2024-02-17,"","Manchester City",NA,"Chelsea",NA,NA,"Etihad Stadium","","","https://fbref.com/en/stathead/matchup/teams/cff3d9bb/b8fd03ef/Chelsea-vs-Manchester-City-History",NA,NA
"157","Premier League","M","ENG",2024,NA,"25","Sat",2024-02-17,"","Fulham",NA,"Aston Villa",NA,NA,"Craven Cottage","","","https://fbref.com/en/stathead/matchup/teams/fd962109/8602292d/Fulham-vs-Aston-Villa-History",NA,NA
"158","Premier League","M","ENG",2024,NA,"25","Sat",2024-02-17,"","Sheffield Utd",NA,"Brighton",NA,NA,"Bramall Lane","","","https://fbref.com/en/stathead/matchup/teams/d07537b9/1df6b87e/Brighton-and-Hove-Albion-vs-Sheffield-United-History",NA,NA
"159","Premier League","M","ENG",2024,NA,"25","Sat",2024-02-17,"","Brentford",NA,"Liverpool",NA,NA,"Gtech Community Stadium","","","https://fbref.com/en/stathead/matchup/teams/cd051869/822bd0ba/Brentford-vs-Liverpool-History",NA,NA
"160","Premier League","M","ENG",2024,NA,"25","Sat",2024-02-17,"","Nott'ham Forest",NA,"West Ham",NA,NA,"The City Ground","","","https://fbref.com/en/stathead/matchup/teams/e4a775cb/7c21e445/Nottingham-Forest-vs-West-Ham-United-History",NA,NA
"161","Premier League","M","ENG",2024,NA,"26","Sat",2024-02-24,"","West Ham",NA,"Brentford",NA,NA,"London Stadium","","","https://fbref.com/en/stathead/matchup/teams/cd051869/7c21e445/Brentford-vs-West-Ham-United-History",NA,NA
"162","Premier League","M","ENG",2024,NA,"26","Sat",2024-02-24,"","Manchester Utd",NA,"Fulham",NA,NA,"Old Trafford","","","https://fbref.com/en/stathead/matchup/teams/fd962109/19538871/Fulham-vs-Manchester-United-History",NA,NA
"163","Premier League","M","ENG",2024,NA,"26","Sat",2024-02-24,"","Liverpool",NA,"Luton Town",NA,NA,"Anfield","","","https://fbref.com/en/stathead/matchup/teams/e297cd13/822bd0ba/Luton-Town-vs-Liverpool-History",NA,NA
"164","Premier League","M","ENG",2024,NA,"26","Sat",2024-02-24,"","Chelsea",NA,"Tottenham",NA,NA,"Stamford Bridge","","","https://fbref.com/en/stathead/matchup/teams/cff3d9bb/361ca564/Chelsea-vs-Tottenham-Hotspur-History",NA,NA
"165","Premier League","M","ENG",2024,NA,"26","Sat",2024-02-24,"","Crystal Palace",NA,"Burnley",NA,NA,"Selhurst Park","","","https://fbref.com/en/stathead/matchup/teams/943e8050/47c64c55/Burnley-vs-Crystal-Palace-History",NA,NA
"166","Premier League","M","ENG",2024,NA,"26","Sat",2024-02-24,"","Arsenal",NA,"Newcastle Utd",NA,NA,"Emirates Stadium","","","https://fbref.com/en/stathead/matchup/teams/b2b47a98/18bb7c10/Newcastle-United-vs-Arsenal-History",NA,NA
"167","Premier League","M","ENG",2024,NA,"26","Sat",2024-02-24,"","Wolves",NA,"Sheffield Utd",NA,NA,"Molineux Stadium","","","https://fbref.com/en/stathead/matchup/teams/8cec06e1/1df6b87e/Wolverhampton-Wanderers-vs-Sheffield-United-History",NA,NA
"168","Premier League","M","ENG",2024,NA,"26","Sat",2024-02-24,"","Brighton",NA,"Everton",NA,NA,"The American Express Community Stadium","","","https://fbref.com/en/stathead/matchup/teams/d3fd31cc/d07537b9/Everton-vs-Brighton-and-Hove-Albion-History",NA,NA
"169","Premier League","M","ENG",2024,NA,"26","Sat",2024-02-24,"","Aston Villa",NA,"Nott'ham Forest",NA,NA,"Villa Park","","","https://fbref.com/en/stathead/matchup/teams/e4a775cb/8602292d/Nottingham-Forest-vs-Aston-Villa-History",NA,NA
"170","Premier League","M","ENG",2024,NA,"26","Sat",2024-02-24,"","Bournemouth",NA,"Manchester City",NA,NA,"Vitality Stadium","","","https://fbref.com/en/stathead/matchup/teams/b8fd03ef/4ba7cbea/Manchester-City-vs-Bournemouth-History",NA,NA
"171","Premier League","M","ENG",2024,NA,"27","Sat",2024-03-02,"","Fulham",NA,"Brighton",NA,NA,"Craven Cottage","","","https://fbref.com/en/stathead/matchup/teams/fd962109/d07537b9/Fulham-vs-Brighton-and-Hove-Albion-History",NA,NA
"172","Premier League","M","ENG",2024,NA,"27","Sat",2024-03-02,"","Sheffield Utd",NA,"Arsenal",NA,NA,"Bramall Lane","","","https://fbref.com/en/stathead/matchup/teams/1df6b87e/18bb7c10/Sheffield-United-vs-Arsenal-History",NA,NA
"173","Premier League","M","ENG",2024,NA,"27","Sat",2024-03-02,"","Luton Town",NA,"Aston Villa",NA,NA,"Kenilworth Road Stadium","","","https://fbref.com/en/stathead/matchup/teams/e297cd13/8602292d/Luton-Town-vs-Aston-Villa-History",NA,NA
"174","Premier League","M","ENG",2024,NA,"27","Sat",2024-03-02,"","Manchester City",NA,"Manchester Utd",NA,NA,"Etihad Stadium","","","https://fbref.com/en/stathead/matchup/teams/b8fd03ef/19538871/Manchester-Derby-Manchester-City-vs-Manchester-United-History",NA,NA
"175","Premier League","M","ENG",2024,NA,"27","Sat",2024-03-02,"","Tottenham",NA,"Crystal Palace",NA,NA,"Tottenham Hotspur Stadium","","","https://fbref.com/en/stathead/matchup/teams/47c64c55/361ca564/Crystal-Palace-vs-Tottenham-Hotspur-History",NA,NA
"176","Premier League","M","ENG",2024,NA,"27","Sat",2024-03-02,"","Brentford",NA,"Chelsea",NA,NA,"Gtech Community Stadium","","","https://fbref.com/en/stathead/matchup/teams/cff3d9bb/cd051869/Chelsea-vs-Brentford-History",NA,NA
"177","Premier League","M","ENG",2024,NA,"27","Sat",2024-03-02,"","Newcastle Utd",NA,"Wolves",NA,NA,"St James' Park","","","https://fbref.com/en/stathead/matchup/teams/b2b47a98/8cec06e1/Newcastle-United-vs-Wolverhampton-Wanderers-History",NA,NA
"178","Premier League","M","ENG",2024,NA,"27","Sat",2024-03-02,"","Nott'ham Forest",NA,"Liverpool",NA,NA,"The City Ground","","","https://fbref.com/en/stathead/matchup/teams/e4a775cb/822bd0ba/Nottingham-Forest-vs-Liverpool-History",NA,NA
"179","Premier League","M","ENG",2024,NA,"27","Sat",2024-03-02,"","Everton",NA,"West Ham",NA,NA,"Goodison Park","","","https://fbref.com/en/stathead/matchup/teams/d3fd31cc/7c21e445/Everton-vs-West-Ham-United-History",NA,NA
"180","Premier League","M","ENG",2024,NA,"27","Sat",2024-03-02,"","Burnley",NA,"Bournemouth",NA,NA,"Turf Moor","","","https://fbref.com/en/stathead/matchup/teams/943e8050/4ba7cbea/Burnley-vs-Bournemouth-History",NA,NA
"181","Premier League","M","ENG",2024,NA,"28","Sat",2024-03-09,"","Arsenal",NA,"Brentford",NA,NA,"Emirates Stadium","","","https://fbref.com/en/stathead/matchup/teams/cd051869/18bb7c10/Brentford-vs-Arsenal-History",NA,NA
"182","Premier League","M","ENG",2024,NA,"28","Sat",2024-03-09,"","Bournemouth",NA,"Sheffield Utd",NA,NA,"Vitality Stadium","","","https://fbref.com/en/stathead/matchup/teams/4ba7cbea/1df6b87e/Bournemouth-vs-Sheffield-United-History",NA,NA
"183","Premier League","M","ENG",2024,NA,"28","Sat",2024-03-09,"","Liverpool",NA,"Manchester City",NA,NA,"Anfield","","","https://fbref.com/en/stathead/matchup/teams/b8fd03ef/822bd0ba/Manchester-City-vs-Liverpool-History",NA,NA
"184","Premier League","M","ENG",2024,NA,"28","Sat",2024-03-09,"","West Ham",NA,"Burnley",NA,NA,"London Stadium","","","https://fbref.com/en/stathead/matchup/teams/943e8050/7c21e445/Burnley-vs-West-Ham-United-History",NA,NA
"185","Premier League","M","ENG",2024,NA,"28","Sat",2024-03-09,"","Aston Villa",NA,"Tottenham",NA,NA,"Villa Park","","","https://fbref.com/en/stathead/matchup/teams/8602292d/361ca564/Aston-Villa-vs-Tottenham-Hotspur-History",NA,NA
"186","Premier League","M","ENG",2024,NA,"28","Sat",2024-03-09,"","Wolves",NA,"Fulham",NA,NA,"Molineux Stadium","","","https://fbref.com/en/stathead/matchup/teams/fd962109/8cec06e1/Fulham-vs-Wolverhampton-Wanderers-History",NA,NA
"187","Premier League","M","ENG",2024,NA,"28","Sat",2024-03-09,"","Chelsea",NA,"Newcastle Utd",NA,NA,"Stamford Bridge","","","https://fbref.com/en/stathead/matchup/teams/cff3d9bb/b2b47a98/Chelsea-vs-Newcastle-United-History",NA,NA
"188","Premier League","M","ENG",2024,NA,"28","Sat",2024-03-09,"","Brighton",NA,"Nott'ham Forest",NA,NA,"The American Express Community Stadium","","","https://fbref.com/en/stathead/matchup/teams/e4a775cb/d07537b9/Nottingham-Forest-vs-Brighton-and-Hove-Albion-History",NA,NA
"189","Premier League","M","ENG",2024,NA,"28","Sat",2024-03-09,"","Crystal Palace",NA,"Luton Town",NA,NA,"Selhurst Park","","","https://fbref.com/en/stathead/matchup/teams/e297cd13/47c64c55/Luton-Town-vs-Crystal-Palace-History",NA,NA
"190","Premier League","M","ENG",2024,NA,"28","Sat",2024-03-09,"","Manchester Utd",NA,"Everton",NA,NA,"Old Trafford","","","https://fbref.com/en/stathead/matchup/teams/d3fd31cc/19538871/Everton-vs-Manchester-United-History",NA,NA
"191","Premier League","M","ENG",2024,NA,"29","Sat",2024-03-16,"","Wolves",NA,"Bournemouth",NA,NA,"Molineux Stadium","","","https://fbref.com/en/stathead/matchup/teams/8cec06e1/4ba7cbea/Wolverhampton-Wanderers-vs-Bournemouth-History",NA,NA
"192","Premier League","M","ENG",2024,NA,"29","Sat",2024-03-16,"","Arsenal",NA,"Chelsea",NA,NA,"Emirates Stadium","","","https://fbref.com/en/stathead/matchup/teams/cff3d9bb/18bb7c10/North-West-London-Derby-Chelsea-vs-Arsenal-History",NA,NA
"193","Premier League","M","ENG",2024,NA,"29","Sat",2024-03-16,"","Brighton",NA,"Manchester City",NA,NA,"The American Express Community Stadium","","","https://fbref.com/en/stathead/matchup/teams/d07537b9/b8fd03ef/Brighton-and-Hove-Albion-vs-Manchester-City-History",NA,NA
"194","Premier League","M","ENG",2024,NA,"29","Sat",2024-03-16,"","Manchester Utd",NA,"Sheffield Utd",NA,NA,"Old Trafford","","","https://fbref.com/en/stathead/matchup/teams/1df6b87e/19538871/Sheffield-United-vs-Manchester-United-History",NA,NA
"195","Premier League","M","ENG",2024,NA,"29","Sat",2024-03-16,"","Luton Town",NA,"Nott'ham Forest",NA,NA,"Kenilworth Road Stadium","","","https://fbref.com/en/stathead/matchup/teams/e4a775cb/e297cd13/Nottingham-Forest-vs-Luton-Town-History",NA,NA
"196","Premier League","M","ENG",2024,NA,"29","Sat",2024-03-16,"","Fulham",NA,"Tottenham",NA,NA,"Craven Cottage","","","https://fbref.com/en/stathead/matchup/teams/fd962109/361ca564/Fulham-vs-Tottenham-Hotspur-History",NA,NA
"197","Premier League","M","ENG",2024,NA,"29","Sat",2024-03-16,"","Everton",NA,"Liverpool",NA,NA,"Goodison Park","","","https://fbref.com/en/stathead/matchup/teams/d3fd31cc/822bd0ba/Merseyside-Derby-Everton-vs-Liverpool-History",NA,NA
"198","Premier League","M","ENG",2024,NA,"29","Sat",2024-03-16,"","Burnley",NA,"Brentford",NA,NA,"Turf Moor","","","https://fbref.com/en/stathead/matchup/teams/cd051869/943e8050/Brentford-vs-Burnley-History",NA,NA
"199","Premier League","M","ENG",2024,NA,"29","Sat",2024-03-16,"","Crystal Palace",NA,"Newcastle Utd",NA,NA,"Selhurst Park","","","https://fbref.com/en/stathead/matchup/teams/b2b47a98/47c64c55/Newcastle-United-vs-Crystal-Palace-History",NA,NA
"200","Premier League","M","ENG",2024,NA,"29","Sat",2024-03-16,"","West Ham",NA,"Aston Villa",NA,NA,"London Stadium","","","https://fbref.com/en/stathead/matchup/teams/8602292d/7c21e445/Aston-Villa-vs-West-Ham-United-History",NA,NA
"201","Premier League","M","ENG",2024,NA,"30","Sat",2024-03-30,"","Bournemouth",NA,"Everton",NA,NA,"Vitality Stadium","","","https://fbref.com/en/stathead/matchup/teams/d3fd31cc/4ba7cbea/Everton-vs-Bournemouth-History",NA,NA
"202","Premier League","M","ENG",2024,NA,"30","Sat",2024-03-30,"","Newcastle Utd",NA,"West Ham",NA,NA,"St James' Park","","","https://fbref.com/en/stathead/matchup/teams/b2b47a98/7c21e445/Newcastle-United-vs-West-Ham-United-History",NA,NA
"203","Premier League","M","ENG",2024,NA,"30","Sat",2024-03-30,"","Brentford",NA,"Manchester Utd",NA,NA,"Gtech Community Stadium","","","https://fbref.com/en/stathead/matchup/teams/cd051869/19538871/Brentford-vs-Manchester-United-History",NA,NA
"204","Premier League","M","ENG",2024,NA,"30","Sat",2024-03-30,"","Aston Villa",NA,"Wolves",NA,NA,"Villa Park","","","https://fbref.com/en/stathead/matchup/teams/8cec06e1/8602292d/Wolverhampton-Wanderers-vs-Aston-Villa-History",NA,NA
"205","Premier League","M","ENG",2024,NA,"30","Sat",2024-03-30,"","Tottenham",NA,"Luton Town",NA,NA,"Tottenham Hotspur Stadium","","","https://fbref.com/en/stathead/matchup/teams/e297cd13/361ca564/Luton-Town-vs-Tottenham-Hotspur-History",NA,NA
"206","Premier League","M","ENG",2024,NA,"30","Sat",2024-03-30,"","Manchester City",NA,"Arsenal",NA,NA,"Etihad Stadium","","","https://fbref.com/en/stathead/matchup/teams/b8fd03ef/18bb7c10/Manchester-City-vs-Arsenal-History",NA,NA
"207","Premier League","M","ENG",2024,NA,"30","Sat",2024-03-30,"","Nott'ham Forest",NA,"Crystal Palace",NA,NA,"The City Ground","","","https://fbref.com/en/stathead/matchup/teams/e4a775cb/47c64c55/Nottingham-Forest-vs-Crystal-Palace-History",NA,NA
"208","Premier League","M","ENG",2024,NA,"30","Sat",2024-03-30,"","Sheffield Utd",NA,"Fulham",NA,NA,"Bramall Lane","","","https://fbref.com/en/stathead/matchup/teams/fd962109/1df6b87e/Fulham-vs-Sheffield-United-History",NA,NA
"209","Premier League","M","ENG",2024,NA,"30","Sat",2024-03-30,"","Liverpool",NA,"Brighton",NA,NA,"Anfield","","","https://fbref.com/en/stathead/matchup/teams/d07537b9/822bd0ba/Brighton-and-Hove-Albion-vs-Liverpool-History",NA,NA
"210","Premier League","M","ENG",2024,NA,"30","Sat",2024-03-30,"","Chelsea",NA,"Burnley",NA,NA,"Stamford Bridge","","","https://fbref.com/en/stathead/matchup/teams/cff3d9bb/943e8050/Chelsea-vs-Burnley-History",NA,NA
"211","Premier League","M","ENG",2024,NA,"31","Tue",2024-04-02,"","Bournemouth",NA,"Crystal Palace",NA,NA,"Vitality Stadium","","","https://fbref.com/en/stathead/matchup/teams/4ba7cbea/47c64c55/Bournemouth-vs-Crystal-Palace-History",NA,NA
"212","Premier League","M","ENG",2024,NA,"31","Tue",2024-04-02,"","West Ham",NA,"Tottenham",NA,NA,"London Stadium","","","https://fbref.com/en/stathead/matchup/teams/7c21e445/361ca564/West-Ham-United-vs-Tottenham-Hotspur-History",NA,NA
"213","Premier League","M","ENG",2024,NA,"31","Tue",2024-04-02,"","Nott'ham Forest",NA,"Fulham",NA,NA,"The City Ground","","","https://fbref.com/en/stathead/matchup/teams/fd962109/e4a775cb/Fulham-vs-Nottingham-Forest-History",NA,NA
"214","Premier League","M","ENG",2024,NA,"31","Tue",2024-04-02,"","Arsenal",NA,"Luton Town",NA,NA,"Emirates Stadium","","","https://fbref.com/en/stathead/matchup/teams/e297cd13/18bb7c10/Luton-Town-vs-Arsenal-History",NA,NA
"215","Premier League","M","ENG",2024,NA,"31","Tue",2024-04-02,"","Brentford",NA,"Brighton",NA,NA,"Gtech Community Stadium","","","https://fbref.com/en/stathead/matchup/teams/d07537b9/cd051869/Brighton-and-Hove-Albion-vs-Brentford-History",NA,NA
"216","Premier League","M","ENG",2024,NA,"31","Tue",2024-04-02,"","Burnley",NA,"Wolves",NA,NA,"Turf Moor","","","https://fbref.com/en/stathead/matchup/teams/943e8050/8cec06e1/Burnley-vs-Wolverhampton-Wanderers-History",NA,NA
"217","Premier League","M","ENG",2024,NA,"31","Wed",2024-04-03,"","Liverpool",NA,"Sheffield Utd",NA,NA,"Anfield","","","https://fbref.com/en/stathead/matchup/teams/822bd0ba/1df6b87e/Liverpool-vs-Sheffield-United-History",NA,NA
"218","Premier League","M","ENG",2024,NA,"31","Wed",2024-04-03,"","Newcastle Utd",NA,"Everton",NA,NA,"St James' Park","","","https://fbref.com/en/stathead/matchup/teams/d3fd31cc/b2b47a98/Everton-vs-Newcastle-United-History",NA,NA
"219","Premier League","M","ENG",2024,NA,"31","Wed",2024-04-03,"","Manchester City",NA,"Aston Villa",NA,NA,"Etihad Stadium","","","https://fbref.com/en/stathead/matchup/teams/b8fd03ef/8602292d/Manchester-City-vs-Aston-Villa-History",NA,NA
"220","Premier League","M","ENG",2024,NA,"31","Wed",2024-04-03,"","Chelsea",NA,"Manchester Utd",NA,NA,"Stamford Bridge","","","https://fbref.com/en/stathead/matchup/teams/cff3d9bb/19538871/Chelsea-vs-Manchester-United-History",NA,NA
"221","Premier League","M","ENG",2024,NA,"32","Sat",2024-04-06,"","Luton Town",NA,"Bournemouth",NA,NA,"Kenilworth Road Stadium","","","https://fbref.com/en/stathead/matchup/teams/e297cd13/4ba7cbea/Luton-Town-vs-Bournemouth-History",NA,NA
"222","Premier League","M","ENG",2024,NA,"32","Sat",2024-04-06,"","Brighton",NA,"Arsenal",NA,NA,"The American Express Community Stadium","","","https://fbref.com/en/stathead/matchup/teams/d07537b9/18bb7c10/Brighton-and-Hove-Albion-vs-Arsenal-History",NA,NA
"223","Premier League","M","ENG",2024,NA,"32","Sat",2024-04-06,"","Wolves",NA,"West Ham",NA,NA,"Molineux Stadium","","","https://fbref.com/en/stathead/matchup/teams/8cec06e1/7c21e445/Wolverhampton-Wanderers-vs-West-Ham-United-History",NA,NA
"224","Premier League","M","ENG",2024,NA,"32","Sat",2024-04-06,"","Tottenham",NA,"Nott'ham Forest",NA,NA,"Tottenham Hotspur Stadium","","","https://fbref.com/en/stathead/matchup/teams/e4a775cb/361ca564/Nottingham-Forest-vs-Tottenham-Hotspur-History",NA,NA
"225","Premier League","M","ENG",2024,NA,"32","Sat",2024-04-06,"","Fulham",NA,"Newcastle Utd",NA,NA,"Craven Cottage","","","https://fbref.com/en/stathead/matchup/teams/fd962109/b2b47a98/Fulham-vs-Newcastle-United-History",NA,NA
"226","Premier League","M","ENG",2024,NA,"32","Sat",2024-04-06,"","Everton",NA,"Burnley",NA,NA,"Goodison Park","","","https://fbref.com/en/stathead/matchup/teams/d3fd31cc/943e8050/Everton-vs-Burnley-History",NA,NA
"227","Premier League","M","ENG",2024,NA,"32","Sat",2024-04-06,"","Sheffield Utd",NA,"Chelsea",NA,NA,"Bramall Lane","","","https://fbref.com/en/stathead/matchup/teams/cff3d9bb/1df6b87e/Chelsea-vs-Sheffield-United-History",NA,NA
"228","Premier League","M","ENG",2024,NA,"32","Sat",2024-04-06,"","Manchester Utd",NA,"Liverpool",NA,NA,"Old Trafford","","","https://fbref.com/en/stathead/matchup/teams/822bd0ba/19538871/North-West-Derby-Liverpool-vs-Manchester-United-History",NA,NA
"229","Premier League","M","ENG",2024,NA,"32","Sat",2024-04-06,"","Aston Villa",NA,"Brentford",NA,NA,"Villa Park","","","https://fbref.com/en/stathead/matchup/teams/cd051869/8602292d/Brentford-vs-Aston-Villa-History",NA,NA
"230","Premier League","M","ENG",2024,NA,"32","Sat",2024-04-06,"","Crystal Palace",NA,"Manchester City",NA,NA,"Selhurst Park","","","https://fbref.com/en/stathead/matchup/teams/b8fd03ef/47c64c55/Manchester-City-vs-Crystal-Palace-History",NA,NA
"231","Premier League","M","ENG",2024,NA,"33","Sat",2024-04-13,"","Chelsea",NA,"Everton",NA,NA,"Stamford Bridge","","","https://fbref.com/en/stathead/matchup/teams/d3fd31cc/cff3d9bb/Everton-vs-Chelsea-History",NA,NA
"232","Premier League","M","ENG",2024,NA,"33","Sat",2024-04-13,"","Bournemouth",NA,"Manchester Utd",NA,NA,"Vitality Stadium","","","https://fbref.com/en/stathead/matchup/teams/4ba7cbea/19538871/Bournemouth-vs-Manchester-United-History",NA,NA
"233","Premier League","M","ENG",2024,NA,"33","Sat",2024-04-13,"","Manchester City",NA,"Luton Town",NA,NA,"Etihad Stadium","","","https://fbref.com/en/stathead/matchup/teams/e297cd13/b8fd03ef/Luton-Town-vs-Manchester-City-History",NA,NA
"234","Premier League","M","ENG",2024,NA,"33","Sat",2024-04-13,"","Nott'ham Forest",NA,"Wolves",NA,NA,"The City Ground","","","https://fbref.com/en/stathead/matchup/teams/e4a775cb/8cec06e1/Nottingham-Forest-vs-Wolverhampton-Wanderers-History",NA,NA
"235","Premier League","M","ENG",2024,NA,"33","Sat",2024-04-13,"","Brentford",NA,"Sheffield Utd",NA,NA,"Gtech Community Stadium","","","https://fbref.com/en/stathead/matchup/teams/cd051869/1df6b87e/Brentford-vs-Sheffield-United-History",NA,NA
"236","Premier League","M","ENG",2024,NA,"33","Sat",2024-04-13,"","Newcastle Utd",NA,"Tottenham",NA,NA,"St James' Park","","","https://fbref.com/en/stathead/matchup/teams/b2b47a98/361ca564/Newcastle-United-vs-Tottenham-Hotspur-History",NA,NA
"237","Premier League","M","ENG",2024,NA,"33","Sat",2024-04-13,"","Liverpool",NA,"Crystal Palace",NA,NA,"Anfield","","","https://fbref.com/en/stathead/matchup/teams/822bd0ba/47c64c55/Liverpool-vs-Crystal-Palace-History",NA,NA
"238","Premier League","M","ENG",2024,NA,"33","Sat",2024-04-13,"","West Ham",NA,"Fulham",NA,NA,"London Stadium","","","https://fbref.com/en/stathead/matchup/teams/fd962109/7c21e445/Fulham-vs-West-Ham-United-History",NA,NA
"239","Premier League","M","ENG",2024,NA,"33","Sat",2024-04-13,"","Arsenal",NA,"Aston Villa",NA,NA,"Emirates Stadium","","","https://fbref.com/en/stathead/matchup/teams/8602292d/18bb7c10/Aston-Villa-vs-Arsenal-History",NA,NA
"240","Premier League","M","ENG",2024,NA,"33","Sat",2024-04-13,"","Burnley",NA,"Brighton",NA,NA,"Turf Moor","","","https://fbref.com/en/stathead/matchup/teams/d07537b9/943e8050/Brighton-and-Hove-Albion-vs-Burnley-History",NA,NA
"241","Premier League","M","ENG",2024,NA,"34","Sat",2024-04-20,"","Wolves",NA,"Arsenal",NA,NA,"Molineux Stadium","","","https://fbref.com/en/stathead/matchup/teams/8cec06e1/18bb7c10/Wolverhampton-Wanderers-vs-Arsenal-History",NA,NA
"242","Premier League","M","ENG",2024,NA,"34","Sat",2024-04-20,"","Tottenham",NA,"Manchester City",NA,NA,"Tottenham Hotspur Stadium","","","https://fbref.com/en/stathead/matchup/teams/b8fd03ef/361ca564/Manchester-City-vs-Tottenham-Hotspur-History",NA,NA
"243","Premier League","M","ENG",2024,NA,"34","Sat",2024-04-20,"","Everton",NA,"Nott'ham Forest",NA,NA,"Goodison Park","","","https://fbref.com/en/stathead/matchup/teams/e4a775cb/d3fd31cc/Nottingham-Forest-vs-Everton-History",NA,NA
"244","Premier League","M","ENG",2024,NA,"34","Sat",2024-04-20,"","Aston Villa",NA,"Bournemouth",NA,NA,"Villa Park","","","https://fbref.com/en/stathead/matchup/teams/8602292d/4ba7cbea/Aston-Villa-vs-Bournemouth-History",NA,NA
"245","Premier League","M","ENG",2024,NA,"34","Sat",2024-04-20,"","Crystal Palace",NA,"West Ham",NA,NA,"Selhurst Park","","","https://fbref.com/en/stathead/matchup/teams/7c21e445/47c64c55/West-Ham-United-vs-Crystal-Palace-History",NA,NA
"246","Premier League","M","ENG",2024,NA,"34","Sat",2024-04-20,"","Fulham",NA,"Liverpool",NA,NA,"Craven Cottage","","","https://fbref.com/en/stathead/matchup/teams/fd962109/822bd0ba/Fulham-vs-Liverpool-History",NA,NA
"247","Premier League","M","ENG",2024,NA,"34","Sat",2024-04-20,"","Brighton",NA,"Chelsea",NA,NA,"The American Express Community Stadium","","","https://fbref.com/en/stathead/matchup/teams/d07537b9/cff3d9bb/Brighton-and-Hove-Albion-vs-Chelsea-History",NA,NA
"248","Premier League","M","ENG",2024,NA,"34","Sat",2024-04-20,"","Luton Town",NA,"Brentford",NA,NA,"Kenilworth Road Stadium","","","https://fbref.com/en/stathead/matchup/teams/e297cd13/cd051869/Luton-Town-vs-Brentford-History",NA,NA
"249","Premier League","M","ENG",2024,NA,"34","Sat",2024-04-20,"","Manchester Utd",NA,"Newcastle Utd",NA,NA,"Old Trafford","","","https://fbref.com/en/stathead/matchup/teams/b2b47a98/19538871/Newcastle-United-vs-Manchester-United-History",NA,NA
"250","Premier League","M","ENG",2024,NA,"34","Sat",2024-04-20,"","Sheffield Utd",NA,"Burnley",NA,NA,"Bramall Lane","","","https://fbref.com/en/stathead/matchup/teams/943e8050/1df6b87e/Burnley-vs-Sheffield-United-History",NA,NA
"251","Premier League","M","ENG",2024,NA,"35","Sat",2024-04-27,"","Wolves",NA,"Luton Town",NA,NA,"Molineux Stadium","","","https://fbref.com/en/stathead/matchup/teams/e297cd13/8cec06e1/Luton-Town-vs-Wolverhampton-Wanderers-History",NA,NA
"252","Premier League","M","ENG",2024,NA,"35","Sat",2024-04-27,"","Nott'ham Forest",NA,"Manchester City",NA,NA,"The City Ground","","","https://fbref.com/en/stathead/matchup/teams/e4a775cb/b8fd03ef/Nottingham-Forest-vs-Manchester-City-History",NA,NA
"253","Premier League","M","ENG",2024,NA,"35","Sat",2024-04-27,"","Fulham",NA,"Crystal Palace",NA,NA,"Craven Cottage","","","https://fbref.com/en/stathead/matchup/teams/fd962109/47c64c55/Fulham-vs-Crystal-Palace-History",NA,NA
"254","Premier League","M","ENG",2024,NA,"35","Sat",2024-04-27,"","Aston Villa",NA,"Chelsea",NA,NA,"Villa Park","","","https://fbref.com/en/stathead/matchup/teams/cff3d9bb/8602292d/Chelsea-vs-Aston-Villa-History",NA,NA
"255","Premier League","M","ENG",2024,NA,"35","Sat",2024-04-27,"","West Ham",NA,"Liverpool",NA,NA,"London Stadium","","","https://fbref.com/en/stathead/matchup/teams/822bd0ba/7c21e445/Liverpool-vs-West-Ham-United-History",NA,NA
"256","Premier League","M","ENG",2024,NA,"35","Sat",2024-04-27,"","Everton",NA,"Brentford",NA,NA,"Goodison Park","","","https://fbref.com/en/stathead/matchup/teams/d3fd31cc/cd051869/Everton-vs-Brentford-History",NA,NA
"257","Premier League","M","ENG",2024,NA,"35","Sat",2024-04-27,"","Tottenham",NA,"Arsenal",NA,NA,"Tottenham Hotspur Stadium","","","https://fbref.com/en/stathead/matchup/teams/361ca564/18bb7c10/North-London-Derby-Tottenham-Hotspur-vs-Arsenal-History",NA,NA
"258","Premier League","M","ENG",2024,NA,"35","Sat",2024-04-27,"","Manchester Utd",NA,"Burnley",NA,NA,"Old Trafford","","","https://fbref.com/en/stathead/matchup/teams/943e8050/19538871/Burnley-vs-Manchester-United-History",NA,NA
"259","Premier League","M","ENG",2024,NA,"35","Sat",2024-04-27,"","Newcastle Utd",NA,"Sheffield Utd",NA,NA,"St James' Park","","","https://fbref.com/en/stathead/matchup/teams/b2b47a98/1df6b87e/Newcastle-United-vs-Sheffield-United-History",NA,NA
"260","Premier League","M","ENG",2024,NA,"35","Sat",2024-04-27,"","Bournemouth",NA,"Brighton",NA,NA,"Vitality Stadium","","","https://fbref.com/en/stathead/matchup/teams/d07537b9/4ba7cbea/Brighton-and-Hove-Albion-vs-Bournemouth-History",NA,NA
"261","Premier League","M","ENG",2024,NA,"36","Sat",2024-05-04,"","Arsenal",NA,"Bournemouth",NA,NA,"Emirates Stadium","","","https://fbref.com/en/stathead/matchup/teams/4ba7cbea/18bb7c10/Bournemouth-vs-Arsenal-History",NA,NA
"262","Premier League","M","ENG",2024,NA,"36","Sat",2024-05-04,"","Burnley",NA,"Newcastle Utd",NA,NA,"Turf Moor","","","https://fbref.com/en/stathead/matchup/teams/b2b47a98/943e8050/Newcastle-United-vs-Burnley-History",NA,NA
"263","Premier League","M","ENG",2024,NA,"36","Sat",2024-05-04,"","Liverpool",NA,"Tottenham",NA,NA,"Anfield","","","https://fbref.com/en/stathead/matchup/teams/822bd0ba/361ca564/Liverpool-vs-Tottenham-Hotspur-History",NA,NA
"264","Premier League","M","ENG",2024,NA,"36","Sat",2024-05-04,"","Manchester City",NA,"Wolves",NA,NA,"Etihad Stadium","","","https://fbref.com/en/stathead/matchup/teams/b8fd03ef/8cec06e1/Manchester-City-vs-Wolverhampton-Wanderers-History",NA,NA
"265","Premier League","M","ENG",2024,NA,"36","Sat",2024-05-04,"","Brighton",NA,"Aston Villa",NA,NA,"The American Express Community Stadium","","","https://fbref.com/en/stathead/matchup/teams/d07537b9/8602292d/Brighton-and-Hove-Albion-vs-Aston-Villa-History",NA,NA
"266","Premier League","M","ENG",2024,NA,"36","Sat",2024-05-04,"","Luton Town",NA,"Everton",NA,NA,"Kenilworth Road Stadium","","","https://fbref.com/en/stathead/matchup/teams/e297cd13/d3fd31cc/Luton-Town-vs-Everton-History",NA,NA
"267","Premier League","M","ENG",2024,NA,"36","Sat",2024-05-04,"","Crystal Palace",NA,"Manchester Utd",NA,NA,"Selhurst Park","","","https://fbref.com/en/stathead/matchup/teams/47c64c55/19538871/Crystal-Palace-vs-Manchester-United-History",NA,NA
"268","Premier League","M","ENG",2024,NA,"36","Sat",2024-05-04,"","Sheffield Utd",NA,"Nott'ham Forest",NA,NA,"Bramall Lane","","","https://fbref.com/en/stathead/matchup/teams/e4a775cb/1df6b87e/Nottingham-Forest-vs-Sheffield-United-History",NA,NA
"269","Premier League","M","ENG",2024,NA,"36","Sat",2024-05-04,"","Brentford",NA,"Fulham",NA,NA,"Gtech Community Stadium","","","https://fbref.com/en/stathead/matchup/teams/fd962109/cd051869/Fulham-vs-Brentford-History",NA,NA
"270","Premier League","M","ENG",2024,NA,"36","Sat",2024-05-04,"","Chelsea",NA,"West Ham",NA,NA,"Stamford Bridge","","","https://fbref.com/en/stathead/matchup/teams/cff3d9bb/7c21e445/Chelsea-vs-West-Ham-United-History",NA,NA
"271","Premier League","M","ENG",2024,NA,"37","Sat",2024-05-11,"","Wolves",NA,"Crystal Palace",NA,NA,"Molineux Stadium","","","https://fbref.com/en/stathead/matchup/teams/8cec06e1/47c64c55/Wolverhampton-Wanderers-vs-Crystal-Palace-History",NA,NA
"272","Premier League","M","ENG",2024,NA,"37","Sat",2024-05-11,"","West Ham",NA,"Luton Town",NA,NA,"London Stadium","","","https://fbref.com/en/stathead/matchup/teams/e297cd13/7c21e445/Luton-Town-vs-West-Ham-United-History",NA,NA
"273","Premier League","M","ENG",2024,NA,"37","Sat",2024-05-11,"","Nott'ham Forest",NA,"Chelsea",NA,NA,"The City Ground","","","https://fbref.com/en/stathead/matchup/teams/e4a775cb/cff3d9bb/Nottingham-Forest-vs-Chelsea-History",NA,NA
"274","Premier League","M","ENG",2024,NA,"37","Sat",2024-05-11,"","Tottenham",NA,"Burnley",NA,NA,"Tottenham Hotspur Stadium","","","https://fbref.com/en/stathead/matchup/teams/943e8050/361ca564/Burnley-vs-Tottenham-Hotspur-History",NA,NA
"275","Premier League","M","ENG",2024,NA,"37","Sat",2024-05-11,"","Everton",NA,"Sheffield Utd",NA,NA,"Goodison Park","","","https://fbref.com/en/stathead/matchup/teams/d3fd31cc/1df6b87e/Everton-vs-Sheffield-United-History",NA,NA
"276","Premier League","M","ENG",2024,NA,"37","Sat",2024-05-11,"","Fulham",NA,"Manchester City",NA,NA,"Craven Cottage","","","https://fbref.com/en/stathead/matchup/teams/fd962109/b8fd03ef/Fulham-vs-Manchester-City-History",NA,NA
"277","Premier League","M","ENG",2024,NA,"37","Sat",2024-05-11,"","Newcastle Utd",NA,"Brighton",NA,NA,"St James' Park","","","https://fbref.com/en/stathead/matchup/teams/d07537b9/b2b47a98/Brighton-and-Hove-Albion-vs-Newcastle-United-History",NA,NA
"278","Premier League","M","ENG",2024,NA,"37","Sat",2024-05-11,"","Aston Villa",NA,"Liverpool",NA,NA,"Villa Park","","","https://fbref.com/en/stathead/matchup/teams/8602292d/822bd0ba/Aston-Villa-vs-Liverpool-History",NA,NA
"279","Premier League","M","ENG",2024,NA,"37","Sat",2024-05-11,"","Manchester Utd",NA,"Arsenal",NA,NA,"Old Trafford","","","https://fbref.com/en/stathead/matchup/teams/19538871/18bb7c10/Manchester-United-vs-Arsenal-History",NA,NA
"280","Premier League","M","ENG",2024,NA,"37","Sat",2024-05-11,"","Bournemouth",NA,"Brentford",NA,NA,"Vitality Stadium","","","https://fbref.com/en/stathead/matchup/teams/cd051869/4ba7cbea/Brentford-vs-Bournemouth-History",NA,NA
"281","Premier League","M","ENG",2024,NA,"38","Sun",2024-05-19,"","Luton Town",NA,"Fulham",NA,NA,"Kenilworth Road Stadium","","","https://fbref.com/en/stathead/matchup/teams/fd962109/e297cd13/Fulham-vs-Luton-Town-History",NA,NA
"282","Premier League","M","ENG",2024,NA,"38","Sun",2024-05-19,"","Sheffield Utd",NA,"Tottenham",NA,NA,"Bramall Lane","","","https://fbref.com/en/stathead/matchup/teams/361ca564/1df6b87e/Tottenham-Hotspur-vs-Sheffield-United-History",NA,NA
"283","Premier League","M","ENG",2024,NA,"38","Sun",2024-05-19,"","Manchester City",NA,"West Ham",NA,NA,"Etihad Stadium","","","https://fbref.com/en/stathead/matchup/teams/b8fd03ef/7c21e445/Manchester-City-vs-West-Ham-United-History",NA,NA
"284","Premier League","M","ENG",2024,NA,"38","Sun",2024-05-19,"","Arsenal",NA,"Everton",NA,NA,"Emirates Stadium","","","https://fbref.com/en/stathead/matchup/teams/d3fd31cc/18bb7c10/Everton-vs-Arsenal-History",NA,NA
"285","Premier League","M","ENG",2024,NA,"38","Sun",2024-05-19,"","Brighton",NA,"Manchester Utd",NA,NA,"The American Express Community Stadium","","","https://fbref.com/en/stathead/matchup/teams/d07537b9/19538871/Brighton-and-Hove-Albion-vs-Manchester-United-History",NA,NA
"286","Premier League","M","ENG",2024,NA,"38","Sun",2024-05-19,"","Brentford",NA,"Newcastle Utd",NA,NA,"Gtech Community Stadium","","","https://fbref.com/en/stathead/matchup/teams/cd051869/b2b47a98/Brentford-vs-Newcastle-United-History",NA,NA
"287","Premier League","M","ENG",2024,NA,"38","Sun",2024-05-19,"","Chelsea",NA,"Bournemouth",NA,NA,"Stamford Bridge","","","https://fbref.com/en/stathead/matchup/teams/cff3d9bb/4ba7cbea/Chelsea-vs-Bournemouth-History",NA,NA
"288","Premier League","M","ENG",2024,NA,"38","Sun",2024-05-19,"","Crystal Palace",NA,"Aston Villa",NA,NA,"Selhurst Park","","","https://fbref.com/en/stathead/matchup/teams/8602292d/47c64c55/Aston-Villa-vs-Crystal-Palace-History",NA,NA
"289","Premier League","M","ENG",2024,NA,"38","Sun",2024-05-19,"","Liverpool",NA,"Wolves",NA,NA,"Anfield","","","https://fbref.com/en/stathead/matchup/teams/8cec06e1/822bd0ba/Wolverhampton-Wanderers-vs-Liverpool-History",NA,NA
"290","Premier League","M","ENG",2024,NA,"38","Sun",2024-05-19,"","Burnley",NA,"Nott'ham Forest",NA,NA,"Turf Moor","","","https://fbref.com/en/stathead/matchup/teams/e4a775cb/943e8050/Nottingham-Forest-vs-Burnley-History",NA,NA
"291","Premier League","M","ENG",2024,NA,"9","Sat",2023-10-21,"12:30","Liverpool",NA,"Everton",NA,NA,"Anfield","","","https://fbref.com/en/stathead/matchup/teams/d3fd31cc/822bd0ba/Merseyside-Derby-Everton-vs-Liverpool-History",NA,NA
"292","Premier League","M","ENG",2024,NA,"9","Sat",2023-10-21,"15:00","Bournemouth",NA,"Wolves",NA,NA,"Vitality Stadium","","","https://fbref.com/en/stathead/matchup/teams/8cec06e1/4ba7cbea/Wolverhampton-Wanderers-vs-Bournemouth-History",NA,NA
"293","Premier League","M","ENG",2024,NA,"9","Sat",2023-10-21,"15:00","Newcastle Utd",NA,"Crystal Palace",NA,NA,"St James' Park","","","https://fbref.com/en/stathead/matchup/teams/b2b47a98/47c64c55/Newcastle-United-vs-Crystal-Palace-History",NA,NA
"294","Premier League","M","ENG",2024,NA,"9","Sat",2023-10-21,"15:00","Brentford",NA,"Burnley",NA,NA,"Gtech Community Stadium","","","https://fbref.com/en/stathead/matchup/teams/cd051869/943e8050/Brentford-vs-Burnley-History",NA,NA
"295","Premier League","M","ENG",2024,NA,"9","Sat",2023-10-21,"15:00","Manchester City",NA,"Brighton",NA,NA,"Etihad Stadium","","","https://fbref.com/en/stathead/matchup/teams/d07537b9/b8fd03ef/Brighton-and-Hove-Albion-vs-Manchester-City-History",NA,NA
"296","Premier League","M","ENG",2024,NA,"9","Sat",2023-10-21,"15:00","Nott'ham Forest",NA,"Luton Town",NA,NA,"The City Ground","","","https://fbref.com/en/stathead/matchup/teams/e4a775cb/e297cd13/Nottingham-Forest-vs-Luton-Town-History",NA,NA
"297","Premier League","M","ENG",2024,NA,"9","Sat",2023-10-21,"17:30","Chelsea",NA,"Arsenal",NA,NA,"Stamford Bridge","","","https://fbref.com/en/stathead/matchup/teams/cff3d9bb/18bb7c10/North-West-London-Derby-Chelsea-vs-Arsenal-History",NA,NA
"298","Premier League","M","ENG",2024,NA,"9","Sat",2023-10-21,"20:00","Sheffield Utd",NA,"Manchester Utd",NA,NA,"Bramall Lane","","","https://fbref.com/en/stathead/matchup/teams/1df6b87e/19538871/Sheffield-United-vs-Manchester-United-History",NA,NA
"299","Premier League","M","ENG",2024,NA,"9","Sun",2023-10-22,"16:30","Aston Villa",NA,"West Ham",NA,NA,"Villa Park","","","https://fbref.com/en/stathead/matchup/teams/8602292d/7c21e445/Aston-Villa-vs-West-Ham-United-History",NA,NA
"300","Premier League","M","ENG",2024,NA,"9","Mon",2023-10-23,"20:00","Tottenham",NA,"Fulham",NA,NA,"Tottenham Hotspur Stadium","","","https://fbref.com/en/stathead/matchup/teams/fd962109/361ca564/Fulham-vs-Tottenham-Hotspur-History",NA,NA
